English,Urdu
the,دی
be,ہونا
to,کو
of,کی
and,اور
a,a
in,میں
that,کہ
have,ہے
I,میں
for,کے لیے
not,نہیں
on,پر
he,وہ
as,کے طور پر
you,آپ
do,کرو
at,پر
this,یہ
but,لیکن
his,اس کا
by,کی طرف سے
from,سے
or,یا
they,وہ
we,ہم
say,کہنا
her,اس کا
she,وہ
or,یا
an,ایک
will,مرضی
my,میرا
one,ایک
all,تمام
would,کرے گا
there,وہاں
their,ان کا
what,کیا
so,تو
up,اوپر
out,باہر
if,اگر
about,کے بارے میں
who,ڈبلیو ایچ او
get,حاصل کریں
which,جو
go,جاؤ
me,میں
when,جب
make,بنانا
can,کر سکتے ہیں
like,پسند
time,وقت
no,نہیں
just,صرف
him,اسے
know,جانتے ہیں
take,لے لو
people,لوگ
into,میں
year,سال
your,آپ کا
good,اچھا
could,کر سکتے ہیں
them,انہیں
see,دیکھیں
other,دوسرے
than,سے
then,پھر
now,اب
look,دیکھو
only,صرف
come,آو
its,اس کا
over,ختم
think,سوچو
also,بھی
back,واپس
after,کے بعد
use,استعمال کریں
two,دو
how,کس طرح
our,ہمارے
work,کام
first,پہلے
well,ٹھیک ہے
way,راستہ
even,یہاں تک کہ
new,نیا
want,چاہتے ہیں
because,کیونکہ
these,یہ
give,دینا
day,دن
most,زیادہ تر
us,ہم
